,,2015,,,,,,2016,,,,,,,,,,,,2017,,,,,,,,,,,,2018,,,,,,,,,,,,2019,,,,,,,,,,,,2020,,,,,,,,,,,,2021,,,,,,,,,,,,2022,,,,,,,,,,,,2023,,,,,,,,,,,,2024,,,,,
,,3-Jul,3-Aug,3-Sep,3-Oct,3-Nov,3-Dec,3-Jan,3-Feb,3-Mar,3-Apr,3-May,3-Jun,3-Jul,3-Aug,2-Sep,3-Oct,1-Nov,2-Dec,3-Jan,3-Feb,3-Mar,1-Apr,2-May,3-Jun,4-Jul,1-Aug,1-Sep,1-Oct,1-Nov,1-Dec,1-Jan,1-Feb,1-Mar,1-Apr,1-May,1-Jun,1-Jul,1-Aug,1-Sep,1-Oct,1-Nov,1-Dec,1-Jan,1-Feb,1-Mar,1-Apr,1-May,1-Jun,1-Jul,1-Aug,1-Sep,1-Oct,1-Nov,1-Dec,1-Jan,1-Feb,1-Mar,1-Apr,1-May,1-Jun,1-Jul,1-Aug,1-Sep,1-Oct,1-Nov,1-Dec,1-Jan,1-Feb,1-Mar,1-Apr,1-May,1-Jun,1-Jul,1-Aug,1-Sep,1-Oct,1-Nov,1-Dec,1-Jan,1-Feb,1-Mar,1-Apr,1-May,1-Jun,1-Jul,1-Aug,1-Sep,1-Oct,1-Nov,1-Dec,1-Jan,1-Feb,1-Mar,1-Apr,1-May,1-Jun,1-Jul,1-Aug,1-Sep,1-Oct,1-Nov,1-Dec,1-Jan,1-Feb,1-Mar,1-Apr,1-May,1-Jun
cash,kÇszpÇnz sz†ml†n KH HUF," 12,586,000    "," 10,830,950    "," 10,586,551    "," 10,197,000    "," 9,897,416    "," 9,704,327    "," 9,040,000    "," 8,298,440    "," 7,495,083    "," 6,974,727    "," 6,091,000    "," 3,317,000    "," 3,348,000    "," 1,500,000    "," 563,800    "," 563,800    "," 1,300,000    "," 792,778    "," 800,000    "," 523,000    "," 244,573    "," 202,256    "," 202,256    "," 179,871    "," 60,000    "," 180,000    "," 220,000    "," 79,000    "," 130,781    "," 348,000    "," 333,175    "," 626,600    "," 679,000    "," 679,000    "," 679,000    "," 748,000    "," 772,586    "," 953,944    "," 1,008,000    "," 1,011,732    "," 1,062,000    "," 1,105,000    "," 1,176,000    "," 1,176,000    "," 1,565,000    "," 1,858,000    "," 1,858,803    "," 2,080,000    "," 2,080,000    "," 2,102,223    "," 2,043,183    "," 2,072,336    "," 1,204,294    "," 1,230,000    "," 1,296,207    "," 699,304    "," 278,468    "," 278,468    "," 278,468    "," 347,500    "," 347,500    "," 426,340    "," 469,000    "," 486,922    "," 461,798    "," 492,892    "," 569,000    "," 569,000    "," 592,000    "," 648,370    "," 661,590    "," 738,000    "," 743,000    "," 743,000    "," 838,161    "," 803,481    "," 828,301    "," 1,255,775    "," 1,255,775    ","-14,142    "," 8,858    "," 8,859    "," 8,860    "," 55,900    "," 81,365    "," 105,524    "," 225,925    "," 592,881    ", -      ," 86,000    "," 111,000    "," 111,000    "," 147,690    "," 147,690    "," 147,690    "," 147,690    "," 147,690    "," 147,690    "," 147,690    "," 147,690    "," 147,690    ",,,,," 300,000    "," 300,000    "," 300,000    "
cash,kÇszpÇnz otthon USD," 44,000    "," 44,000    "," 44,000    "," 44,000    "," 44,000    "," 44,000    "," 44,000    "," 44,000    "," 44,000    "," 44,000    "," 44,000    "," 44,000    "," 44,000    "," 44,000    "," 44,000    "," 44,000    "," 2,800    "," 2,800    "," 2,800    "," 2,800    "," 2,800    "," 2,800    "," 2,800    "," 2,800    "," 2,800    "," 2,800    "," 2,800    "," 2,800    "," 2,800    "," 2,800    "," 2,800    "," 2,800    "," 2,800    "," 2,800    "," 2,800    "," 2,800    "," 2,800    "," 2,800    "," 2,800    "," 2,800    "," 2,800    "," 2,800    "," 2,800    "," 2,800    "," 2,800    "," 2,800    "," 2,800    "," 2,800    "," 2,800    "," 2,800    "," 2,800    "," 2,800    "," 2,800    "," 2,800    "," 2,800    "," 2,800    "," 2,800    "," 2,800    "," 2,800    "," 2,800    "," 2,800    "," 2,800    "," 2,800    "," 2,800    "," 2,800    "," 2,800    "," 2,800    "," 2,800    "," 2,800    "," 2,800    "," 2,800    "," 2,800    "," 2,800    "," 2,800    "," 2,800    "," 2,800    "," 2,800    "," 2,800    "," 2,800    "," 2,800    "," 5,002,800    "," 5,002,800    "," 5,002,800    "," 5,263,061    "," 5,550,000    "," 6,150,000    "," 6,195,000    "," 6,465,000    "," 5,800,000    "," 5,800,000    "," 5,800,000    "," 5,800,000    "," 5,075,000    "," 5,075,000    "," 5,075,000    "," 5,075,000    "," 5,075,000    "," 5,075,000    "," 5,075,000    "," 5,075,000    "," 5,075,000    "," 4,675,000    "," 4,675,000    "," 4,675,000    "," 4,675,000    "," 4,675,000    "," 4,675,000    "," 4,675,000    "
cash,kÇszpÇnz sz†ml†n MKB EUR," 200,000    "," 1,426,310    "," 13,149,378    "," 12,979,700    "," 12,979,700    "," 12,979,700    "," 13,230,920    "," 13,063,440    "," 13,062,192    "," 12,993,751    "," 12,993,751    "," 13,034,424    "," 13,201,216    "," 12,402,684    "," 12,167,190    "," 11,855,190    "," 11,931,192    "," 11,770,390    "," 11,770,390    "," 11,769,460    "," 11,769,150    "," 11,917,950    "," 1,058,650    "," 974,640    "," 974,020    "," 682,000    "," 548,080    "," 546,220    "," 545,600    "," 548,808    "," 139,810    "," 139,810    "," 136,710    "," 11,232    "," 661,540    "," 829,000    "," 863,525    "," 196,742    "," 521,316    "," 674,880    "," 844,668    "," 1,003,238    "," 1,157,205    "," 1,285,356    "," 1,432,840    "," 152,640    "," 314,594    "," 314,594    "," 476,102    "," 481,671    "," 651,090    "," 658,648    "," 658,648    "," 975,855    "," 667,627    "," 679,729    "," 679,729    "," 679,729    "," 706,300    "," 706,300    "," 706,300    "," 737,450    "," 737,450    "," 758,520    "," 936,000    "," 1,109,199    "," 1,280,485    "," 1,280,485    "," 1,280,485    "," 1,298,520    "," 1,298,520    "," 1,298,520    "," 1,298,520    "," 1,298,520    "," 1,298,520    "," 1,298,520    "," 1,298,520    "," 1,298,520    "," 1,298,520    "," 1,298,520    "," 1,298,520    "," 1,298,520    "," 1,298,520    "," 1,406,730    "," 44,294,800    "," 45,231,200    "," 49,936,500    "," 126,900    "," 3,177,500    "," 5,603,884    "," 342,400    "," 342,400    "," 281,996    "," 281,996    "," 281,996    "," 281,996    "," 281,996    "," 281,996    "," 281,996    "," 281,996    "," 281,996    "," 798,000    "," 798,000    "," 798,000    "," 798,000    "," 798,000    "," 798,000    "," 798,000    "
cash,kÇszpÇnz otthon HUF,," 100,000    "," 100,000    "," 100,000    "," 100,000    "," 60,000    "," 60,000    "," 100,000    "," 100,000    "," 150,000    "," 50,000    "," 50,000    "," 300,000    "," 90,000    "," 300,000    "," 220,000    "," 40,000    "," 100,000    "," 80,002    "," 80,002    "," 80,002    "," 80,002    "," 80,002    "," 80,002    "," 50,000    "," 100,000    "," 90,000    "," 100,000    "," 40,000    "," 100,000    "," 80,000    "," 170,000    "," 170,000    "," 100,000    "," 160,000    "," 100,000    "," 130,000    "," 220,000    "," 50,000    "," 120,000    "," 190,000    "," 120,000    "," 120,000    "," 1,020,000    "," 800,000    "," 100,000    "," 20,000    "," 20,000    "," 20,000    "," 140,000    "," 830,000    "," 600,000    "," 100,000    "," 50,000    "," 20,000    "," 20,000    "," 240,000    "," 240,000    "," 80,000    "," 150,000    "," 400,000    "," 150,000    "," 100,000    "," 30,000    "," 130,000    "," 740,000    "," 550,000    "," 800,000    "," 600,000    "," 1,320,000    "," 2,200,000    "," 1,600,000    "," 350,000    "," 350,000    "," 4,650,000    "," 4,200,000    "," 3,700,000    "," 5,600,000    "," 5,600,000    "," 3,660,000    "," 2,400,000    "," 2,400,000    "," 2,400,000    "," 1,000,000    "," 530,000    "," 500,000    "," 2,550,000    "," 2,200,000    "," 1,500,000    "," 100,000    "," 100,000    "," 100,000    "," 2,200,000    "," 2,200,000    "," 2,200,000    "," 2,200,000    "," 2,200,000    "," 2,200,000    "," 2,200,000    "," 2,200,000    "," 2,200,000    "," 500,000    "," 500,000    "," 500,000    "," 500,000    "," 500,000    "," 500,000    "," 500,000    "
cash,Revolut  EUR and HUF,,,,,,,,,,,,,,,,,,,,,,,,,,,,,,,,,,,,,,,,,,,,,," 312,000    "," 312,000    "," 312,000    "," 312,000    "," 296,424    "," 140,600    "," 140,600    "," 204,624    "," 204,624    "," 204,624    "," 204,624    "," 252,950    "," 252,950    "," 254,025    "," 219,189    "," 139,189    "," 188,858    "," 188,858    "," 193,000    "," 209,000    "," 190,612    "," 186,000    "," 173,000    "," 220,000    "," 225,000    "," 292,000    "," 292,000    "," 353,977    "," 353,977    "," 213,450    "," 217,000    "," 433,827    "," 350,642    "," 350,642    "," 229,000    "," 285,540    "," 285,541    "," 285,542    "," 317,800    "," 455,778    "," 331,058    "," 371,915    "," 282,371    "," 118,834    "," 138,000    "," 215,000    "," 215,000    "," 105,000    "," 105,000    "," 105,000    "," 105,000    "," 105,000    "," 105,000    "," 105,000    "," 105,000    "," 105,000    "," 677,000    "," 677,000    "," 677,000    "," 677,000    "," 355,000    "," 355,000    "," 355,000    "
cash,HSBC account (Gyîrgyi f?),,,,,,,,,,,,,,,,,,,,,,,,,,,,,,,,,,,,,,,,,,,,,,,,,,,,,,,,,,,,,,,,,,,,,,,,,,,,,,,,,,,,,,," 51,895    "," 2,520,000    "," 2,460,000    "," 2,945,481    "," 2,945,481    "," 2,945,481    "," 2,743,020    "," 2,743,020    "," 2,743,020    "," 2,743,020    "," 2,743,020    "," 2,743,020    "," 2,743,020    "," 2,743,020    "," 2,743,020    "," 2,743,020    "," 2,743,020    "," 2,743,020    "," 2,743,020    "," 2,743,020    "," 2,743,020    "," 2,743,020    "
cash,HSBC account (Kîzîs) GBP,,,,,,,,,,,,,,,,,,,,,,,,,,,,,,,,,,,,,,,,,,,,,,,,,,,,,,,,,,,,,,,,,,,,,,,,,,,,,,,,,,,,,,,," 2,520,000    "," 2,460,000    "," 65,349    "," 71,709    "," 71,709    "," 66,780    "," 66,780    "," 66,780    "," 66,780    "," 66,780    "," 66,780    "," 66,780    "," 66,780    "," 66,780    "," 66,780    "," 66,780    "," 66,780    "," 66,780    "," 4,830,000    "," 4,830,000    "," 4,830,000    "
cash,HSBC account (Robi EUR),,,,,,,,,,,,,,,,,,,,,,,,,,,,,,,,,,,,,,,,,,,,,,,,,,,,,,,,,,,,,,,,,,,,,,,,,,,,,,,,,,,,,,,," 12,986,100    "," 12,587,000    "," 12,402,800    "," 17,480,000    "," 17,480,000    "," 16,343,800    "," 16,343,800    "," 16,343,800    "," 16,343,800    "," 16,343,800    "," 16,343,800    "," 16,343,800    "," 16,343,800    "," 16,343,800    "," 16,343,800    "," 16,343,800    "," 16,343,800    "," 16,343,800    "," 16,007,200    "," 16,007,200    "," 16,007,200    "
cash,HSBC account (Robi CHF),,,,,,,,,,,,,,,,,,,,,,,,,,,,,,,,,,,,,,,,,,,,,,,,,,,,,,,,,,,,,,,,,,,,,,,,,,,,,,,,,,,,,,,," 37,888,400    "," 35,802,800    "," 35,715,900    "," 35,107,600    "," 35,107,600    "," 32,500,600    "," 32,500,600    "," 32,500,600    "," 32,500,600    "," 32,500,600    "," 32,500,600    "," 32,500,600    "," 32,500,600    "," 32,500,600    "," 32,500,600    "," 32,500,600    "," 32,500,600    "," 32,500,600    "," 32,276,200    "," 32,276,200    "," 32,276,200    "
cash,Easybank EUR,,,,,,,,,,,,,,,,,,,,,,,,,,,,,,,,,,,,,,,,,,,,,," 317,000    "," 317,000    "," 317,000    "," 317,000    "," 317,000    "," 317,000    "," 300,750    "," 300,750    "," 300,750    "," 300,750    "," 300,750    "," 300,750    "," 300,750    "," 337,523    "," 337,523    "," 337,523    "," 337,523    "," 337,523    "," 337,523    "," 337,523    "," 337,523    "," 337,523    "," 337,523    "," 337,523    "," 337,523    "," 337,523    "," 337,523    "," 337,523    "," 337,523    "," 337,523    "," 337,400    "," 337,400    "," 337,400    "," 337,400    "," 337,400    "," 337,400    "," 337,400    "," 337,400    "," 337,400    "," 337,400    "," 337,400    "," 337,400    "," 407,772    "," 395,240    "," 389,456    "," 389,456    "," 389,456    "," 389,456    "," 389,456    "," 389,456    "," 389,456    "," 389,456    "," 389,456    "," 389,456    "," 389,456    "," 389,456    "," 389,456    "," 389,456    "," 389,456    "," 389,456    "," 389,456    "," 389,456    "," 389,456    "
cash,kÇszpÇnz otthon EUR,," 393,700    "," 125,200    "," 125,200    "," 95,200    "," 95,200    "," 95,200    "," 95,200    "," 95,200    "," 102,300    "," 102,300    "," 126,300    "," 126,300    "," 489,840    "," 729,886    "," 468,000    "," 156,000    "," 156,000    "," 124,800    "," 124,800    "," 124,800    "," 124,800    "," 93,600    "," 93,600    "," 93,600    "," 310,000    "," 310,000    "," 310,000    "," 31,200    "," 31,200    "," 341,000    "," 341,000    "," 93,000    "," 472,500    "," 465,000    "," 465,000    "," 487,500    "," 483,000    "," 518,400    "," 518,400    "," 194,400    "," 194,400    "," 194,400    "," 194,400    "," 30,000    "," 1,152,000    "," 960,000    "," 960,000    "," 975,000    "," 588,600    "," 330,000    "," 330,000    ", -      , -      ," 297,900    "," 297,900    "," 105,900    "," 105,900    "," 105,900    "," 105,900    "," 105,900    "," 105,900    "," 105,900    "," 105,900    "," 105,900    "," 105,900    "," 105,900    "," 105,900    "," 105,900    "," 105,900    "," 2,952,900    "," 2,952,900    "," 2,608,400    "," 2,502,500    "," 2,502,500    "," 2,502,500    "," 2,160,000    "," 2,160,000    "," 2,160,000    "," 2,160,000    "," 2,160,000    "," 2,160,000    "," 2,160,000    "," 2,340,000    "," 2,228,000    "," 1,668,700    "," 1,500,150    "," 1,543,950    "," 1,543,950    "," 1,474,600    "," 1,474,600    "," 1,474,600    "," 1,365,100    "," 1,365,100    "," 1,365,100    "," 1,365,100    "," 1,365,100    "," 1,365,100    "," 1,365,100    "," 1,365,100    "," 1,365,100    "," 1,165,100    "," 1,165,100    "," 1,165,100    "," 1,165,100    "," 785,100    "," 785,100    "," 785,100    "
cash, kÇszpÇnz sz†ml†n MKB HUF ,," 2,697,027    "," 3,542,720    "," 5,206,000    "," 4,963,467    "," 5,635,810    "," 6,600,000    "," 7,460,295    "," 8,244,490    "," 8,500,009    "," 9,657,009    "," 8,839,000    "," 5,170,000    "," 5,383,772    "," 4,365,000    "," 860,000    "," 2,240,898    "," 3,360,070    "," 3,128,000    "," 3,371,000    "," 3,694,118    "," 4,262,000    "," 1,010,000    "," 2,261,649    "," 2,173,808    "," 2,237,971    "," 2,708,904    "," 2,517,000    "," 2,803,000    "," 3,024,492    "," 3,121,239    "," 2,814,000    "," 4,063,180    "," 3,479,413    "," 3,860,158    "," 3,732,158    "," 5,043,967    "," 5,015,363    "," 5,150,000    "," 5,513,336    "," 5,179,494    "," 5,613,977    "," 4,635,481    "," 4,340,000    "," 5,750,000    "," 5,257,000    "," 5,830,451    "," 6,254,853    "," 6,254,853    "," 6,521,895    "," 6,986,636    "," 3,694,293    "," 4,764,098    "," 5,474,000    "," 4,425,183    "," 4,510,173    "," 4,141,627    "," 4,141,627    "," 5,655,033    "," 5,782,000    "," 6,472,373    "," 6,940,000    "," 7,200,000    "," 8,215,808    "," 8,636,984    "," 5,452,000    "," 4,434,364    "," 5,907,000    "," 6,539,000    "," 8,607,977    "," 1,265,000    "," 2,919,000    "," 6,812,960    "," 6,812,960    "," 7,099,538    "," 8,274,110    "," 7,674,080    "," 405,000    "," 405,000    "," 5,163,664    "," 1,074,000    "," 1,074,000    "," 1,074,000    "," 3,454,000    "," 4,530,701    "," 10,355,841    "," 5,963,000    "," 2,266,935    "," 15,923    ","-150,000    ","-500,000    ","-500,000    "," 2,104,510    "," 2,104,510    "," 2,104,510    "," 2,104,510    "," 2,104,510    "," 2,104,510    "," 2,104,510    "," 2,104,510    "," 2,104,510    "," 9,500,000    "," 9,500,000    "," 9,500,000    "," 9,500,000    "," 2,000,000    "," 2,000,000    "," 2,000,000    "
cash,SZêP K†rtya," 3,486,862    "," 3,489,000    "," 3,493,000    "," 3,493,000    "," 3,493,000    "," 3,493,000    "," 3,490,000    "," 3,491,000    "," 3,492,000    "," 3,535,371    "," 3,495,064    "," 4,532,000    "," 4,537,000    "," 4,867,000    "," 4,900,363    "," 4,900,363    "," 4,896,000    "," 4,894,001    "," 4,896,002    "," 4,896,002    "," 4,890,725    "," 4,890,725    "," 5,231,000    "," 5,229,589    "," 5,229,589    "," 5,229,589    "," 4,203,375    "," 4,157,000    "," 3,997,125    "," 3,877,500    "," 3,878,325    "," 3,878,325    "," 3,878,325    "," 4,441,539    "," 4,464,939    "," 4,195,442    "," 3,716,949    "," 3,740,000    "," 3,391,000    "," 3,134,860    "," 3,081,000    "," 3,123,981    "," 3,057,000    "," 3,057,000    "," 2,646,000    "," 2,552,000    "," 2,498,588    "," 2,114,208    "," 2,114,208    "," 2,076,594    "," 2,115,295    "," 2,050,190    "," 2,286,063    "," 2,271,000    "," 2,541,200    ", -      ,, -      ,,,,,,," 200,000    "," 234,500    "," 262,180    "," 285,543    "," 268,000    "," 211,624    "," 151,777    "," 41,000    "," 97,159    "," 97,159    "," 97,159    "," 143,675    "," 62,658    "," 109,224    "," 109,224    "," 408,677    "," 268,677    "," 268,677    "," 268,677    "," 268,677    "," 268,677    "," 268,677    "," 268,677    "," 256,987    "," 217,497    "," 195,317    "," 195,317    "," 195,317    "," 340,951    "," 340,951    "," 340,951    "," 340,951    "," 340,951    "," 340,951    "," 340,951    "," 340,951    "," 340,951    ", -      , -      , -      , -      ," 340,000    "," 340,000    "," 340,000    "
long,TBSZ 2014 dinamikus," 723,000    "," 729,671    "," 705,715    "," 698,000    "," 713,451    ", -      ,,,,,,,,,, -      ,,,,,,,,,,," 1,019,108    "," 1,017,000    "," 1,014,904    "," 1,014,904    "," 1,012,146    "," 1,011,000    ",,,,,,,,,,,,,,,,,,,,,,,,,, -      ,,,,,,,,,,,,,,,,,,,,,,,,,,,,,,,,,, -      ,,,,,,,,,,,,,,,,
long,TBSZ 2014 statikus Erste XL alap," 512,000    "," 513,560    "," 515,487    "," 526,000    "," 505,499    ", -      ,,,,,,,,,, -      ,,,,,,,,,,,,,,,,,,,,,,,,,,,,,,,,,,,,,,,,,, -      ,,,,,,,,,,,,,,,,,,,,,,,,,,,,,,,,,, -      ,,,,,,,,,,,,,,,,
long,TBSZ 2014 Erste XL alap," 509,000    "," 512,497    "," 501,292    "," 497,000    "," 523,560    "," 1,743,663    "," 1,743,000    "," 1,744,170    "," 1,831,182    "," 1,831,183    "," 1,831,000    "," 1,780,000    "," 1,780,000    "," 1,909,629    "," 1,922,283    "," 1,922,283    "," 1,922,283    "," 1,922,284    "," 1,922,285    "," 1,922,285    "," 1,857,400    "," 1,857,400    "," 1,816,522    "," 1,809,122    "," 1,842,422    "," 1,842,422    "," 1,890,000    "," 1,857,000    "," 1,842,000    "," 1,835,000    "," 1,801,722    "," 1,812,000    "," 1,812,000    "," 1,772,122    "," 1,772,122    "," 1,754,000    "," 1,680,000    "," 1,691,000    "," 1,717,103    "," 1,676,403    "," 1,726,000    "," 1,874,353    "," 1,828,000    "," 1,828,000    "," 1,929,000    "," 1,918,000    "," 1,894,703    "," 1,858,480    "," 1,858,480    "," 1,637,151    "," 1,626,958    "," 1,652,945    "," 1,671,679    "," 1,666,000    "," 1,547,825    "," 4,122,664    "," 3,541,473    "," 3,541,473    "," 3,660,844    "," 3,672,000    "," 3,800,000    "," 3,865,542    "," 3,917,000    "," 3,953,000    "," 3,882,000    "," 4,038,537    "," 4,541,000    "," 4,491,000    "," 4,598,000    "," 4,688,478    "," 4,784,103    "," 4,826,000    "," 5,388,056    "," 5,388,056    "," 5,194,000    "," 5,326,465    "," 5,409,000    "," 6,954,000    "," 6,954,000    "," 6,665,136    "," 6,688,000    "," 6,688,001    "," 6,688,002    "," 6,618,000    "," 6,077,000    "," 6,369,000    "," 6,527,058    "," 6,198,929    "," 6,458,000    "," 6,550,000    "," 6,550,000    "," 6,550,000    "," 6,719,073    "," 6,719,073    "," 6,719,073    "," 6,719,073    "," 6,719,073    "," 6,719,073    "," 6,719,073    "," 6,719,073    "," 6,719,073    "," 7,636,000    "," 7,636,000    "," 7,636,000    "," 7,636,000    "," 8,716,000    "," 8,716,000    "," 8,716,000    "
long,NYESZ you invest dinmic," 217,000    "," 218,984    "," 211,795    "," 209,500    "," 214,116    ", -      ,,,,,,,,,, -      ,,,,,,,,,,,,,,,,,,,,,,,,,,,,,,,,,,,," 3,991,200    "," 4,007,692    "," 4,013,076    "," 8,018,444    "," 8,047,596    "," 8,102,162    "," 8,102,162    "," 8,112,885    "," 8,136,885    "," 8,165,900    "," 8,190,000    "," 8,221,000    "," 8,252,000    "," 8,273,582    "," 12,290,000    "," 12,356,014    "," 12,371,532    "," 12,411,022    "," 12,458,970    "," 20,473,642    "," 20,612,962    "," 20,720,051    "," 20,720,051    "," 20,793,276    "," 20,826,444    "," 20,881,878    "," 31,010,865    "," 31,010,865    "," 31,157,499    "," 31,157,499    "," 31,157,499    "," 31,157,499    "," 31,398,914    ", -      ,,, -      , -      ,,, -      ,,,,,,,,,,,,,,,,
long,NYESZ E," 321,000    "," 322,595    "," 323,795    "," 330,000    "," 328,876    "," 540,208    "," 1,040,000    "," 1,039,900    "," 1,039,000    "," 1,039,584    "," 1,039,685    "," 1,010,000    "," 1,090,000    "," 1,082,975    "," 1,091,105    "," 1,091,105    "," 1,089,735    "," 1,089,736    "," 1,089,737    "," 1,089,737    "," 1,059,222    "," 1,059,222    "," 1,018,752    "," 1,014,081    "," 1,032,618    "," 1,032,618    "," 1,059,594    "," 1,040,150    "," 1,030,000    "," 1,026,000    "," 1,006,684    "," 1,012,000    "," 1,011,000    "," 988,900    "," 988,452    "," 969,000    "," 927,127    "," 933,000    "," 946,895    "," 923,685    "," 951,000    "," 1,035,685    "," 1,509,000    "," 1,509,000    "," 1,568,000    "," 1,563,000    "," 1,551,006    "," 1,524,476    "," 1,524,476    "," 1,878,830    "," 1,858,480    "," 1,902,880    "," 1,932,480    "," 1,921,000    "," 1,679,404    "," 1,697,798    "," 1,528,500    "," 1,528,500    "," 1,587,000    "," 1,573,000    "," 1,593,000    "," 1,558,558    "," 1,532,000    "," 1,558,616    "," 1,519,000    "," 1,592,490    "," 1,632,000    "," 1,619,000    "," 1,650,000    "," 1,662,194    "," 1,667,969    "," 1,728,000    "," 1,732,832    "," 1,732,832    "," 1,728,000    "," 1,714,074    "," 1,731,000    ", -      ,,,,,,,,,, -      , -      ,,, -      ,,,,,,,,,," 2,418,000    "," 2,418,000    "," 2,418,000    "," 2,418,000    "," 2,935,000    "," 2,935,000    "," 2,935,000    "
cash,ERSTE kÇszpÇnz sz†ml†n, -      ,," 26,130    "," 26,000    "," 26,000    "," 543,786    "," 46,000    "," 44,850    "," 43,512    "," 42,168    "," 41,000    ",,,,,,,,,,,," 5,627,430    "," 5,630,840    "," 5,647,406    "," 5,607,900    "," 5,548,380    "," 5,576,280    "," 5,615,960    "," 5,655,330    "," 5,684,129    "," 5,680,440    "," 5,569,770    "," 5,647,005    "," 5,572,560    "," 5,578,335    "," 5,723,900    "," 5,672,996    "," 5,659,308    "," 5,680,044    "," 5,617,836    "," 5,656,053    "," 5,601,129    "," 5,581,218    "," 5,636,800    "," 5,636,800    "," 5,783,658    "," 5,811,416    "," 5,811,416    "," 5,876,844    "," 5,772,690    "," 5,861,130    "," 6,024,358    "," 6,028,660    "," 6,005,333    "," 6,031,272    "," 5,863,683    "," 5,863,683    "," 5,789,350    "," 5,741,400    "," 5,817,350    "," 5,889,100    "," 5,995,659    "," 5,884,200    "," 5,974,560    "," 6,230,721    "," 6,429,050    "," 6,401,715    "," 6,460,645    "," 6,626,160    "," 6,753,230    "," 6,540,450    "," 6,532,400    "," 6,532,400    "," 6,513,850    "," 6,496,700    "," 6,542,550    "," 6,546,600    "," 6,546,600    "," 6,399,000    "," 6,399,000    "," 6,399,000    "," 6,399,000    "," 6,364,020    ", -      ,,, -      , -      ,,, -      ,,,,,,,,,,,,,,,,
long,ERSTE eur ingatlan alap," 1,091,700    "," 1,081,682    "," 1,102,102    "," 1,103,700    "," 1,092,000    "," 1,088,549    "," 1,092,000    "," 1,092,800    "," 1,083,000    "," 1,091,724    "," 1,085,514    ",,,,,,,,,,,," 5,606,970    "," 5,618,440    "," 5,626,438    "," 5,584,030    "," 5,556,750    "," 5,651,300    "," 5,709,270    "," 5,748,640    "," 5,752,608    "," 5,715,470    "," 5,644,480    "," 5,728,905    "," 4,996,270    "," 4,996,270    "," 5,173,675    "," 5,158,762    "," 5,190,480    "," 5,169,420    "," 5,127,948    "," 5,129,563    "," 5,080,788    "," 5,109,306    "," 5,223,360    "," 5,223,360    "," 5,332,858    "," 5,422,847    "," 5,422,847    "," 5,538,399    "," 5,473,050    "," 5,553,570    "," 5,659,630    "," 5,698,685    "," 5,663,079    "," 5,727,748    "," 5,599,639    "," 5,599,639    "," 5,561,150    "," 6,022,450    "," 6,300,000    "," 6,284,950    "," 6,300,450    "," 6,132,600    "," 6,254,640    "," 6,538,098    "," 6,755,295    "," 6,724,765    "," 6,804,640    "," 6,957,000    "," 7,129,545    "," 6,967,800    "," 6,879,950    "," 6,879,950    "," 6,950,650    "," 6,886,600    "," 7,105,320    "," 6,847,920    "," 6,847,920    "," 7,007,040    "," 7,007,040    "," 7,007,040    "," 7,007,040    "," 6,720,870    ", -      ,,, -      , -      ,,, -      ,,,,,,,,,,,,,,,,
long,ERSTE XL alap," 518,000    "," 520,250    "," 522,201    "," 532,875    "," 530,380    ", -      ,,,,,,,,,,,,,,,,," 3,022,597    "," 3,026,597    "," 3,037,084    "," 3,007,936    "," 2,985,000    "," 3,003,000    "," 3,043,164    "," 3,053,000    "," 3,071,215    "," 3,055,000    "," 3,012,000    "," 3,015,084    "," 3,014,805    "," 2,961,000    "," 2,965,536    "," 2,973,000    "," 2,955,303    "," 2,953,250    "," 2,945,000    "," 2,957,254    "," 2,936,000    "," 2,970,000    "," 2,976,000    "," 2,978,000    "," 3,024,485    "," 3,064,629    "," 3,064,629    "," 3,033,758    "," 2,954,431    "," 3,016,847    "," 3,071,675    "," 3,078,371    ", -      ,,, -      ,,,,,,,,,,,,,,,,,,,,,,,,,,,,,, -      , -      ,,, -      ,,,,,,,,,,,,,,,,
long,Robi 2 Fundamenta - 2020," 1,145,000    "," 1,165,000    "," 1,185,000    "," 1,205,000    "," 1,225,000    "," 1,245,000    "," 1,265,000    "," 1,285,000    "," 1,305,000    "," 1,293,000    "," 1,313,000    "," 1,333,000    "," 1,353,000    "," 20,000    "," 40,000    "," 60,000    "," 80,000    "," 100,000    "," 120,000    "," 140,000    "," 160,000    "," 180,000    "," 200,000    "," 220,000    "," 240,000    "," 260,000    "," 280,000    "," 300,000    "," 320,000    "," 340,000    "," 360,000    "," 380,000    "," 400,000    "," 420,000    "," 440,000    "," 460,000    "," 480,000    "," 500,000    "," 520,000    "," 540,000    "," 560,000    "," 580,000    "," 600,000    "," 620,000    "," 640,000    "," 660,000    "," 680,000    "," 700,000    "," 720,000    "," 740,000    "," 760,000    "," 989,204    "," 989,204    "," 1,696,062    "," 1,696,062    "," 1,716,062    "," 1,736,062    "," 1,756,062    "," 1,776,062    "," 1,796,062    "," 1,816,062    "," 1,946,889    "," 1,946,890    "," 1,946,891    "," 1,946,892    "," 1,946,893    "," 1,966,893    "," 1,986,893    "," 2,006,893    "," 2,026,893    "," 2,046,893    "," 11,084,000    "," 11,164,000    "," 11,244,000    "," 11,324,000    "," 11,404,000    "," 11,484,000    "," 11,564,000    "," 11,644,000    "," 11,724,000    "," 11,804,000    "," 11,884,000    "," 11,964,000    "," 12,044,000    "," 12,124,000    "," 12,204,000    "," 12,284,000    "," 12,364,000    "," 12,444,000    "," 12,524,000    "," 12,604,000    "," 12,604,000    "," 12,684,000    "," 12,684,000    "," 12,684,000    "," 12,684,000    "," 12,684,000    "," 12,684,000    "," 12,684,000    "," 12,684,000    "," 12,684,000    "," 13,404,000    "," 13,404,000    "," 13,404,000    "," 13,404,000    "," 13,724,000    "," 13,724,000    "," 13,724,000    "
long,2017-ig Fundamenta," 2,070,000    "," 2,130,000    "," 2,190,000    "," 2,250,000    "," 2,310,000    "," 2,370,000    "," 2,430,000    "," 2,490,000    "," 2,550,000    "," 2,370,000    "," 2,390,000    "," 2,410,000    "," 2,430,000    "," 2,450,000    "," 2,470,000    "," 2,490,000    "," 2,510,000    "," 2,530,000    "," 2,550,000    "," 2,570,000    "," 2,590,000    "," 2,610,000    "," 2,630,000    "," 2,650,000    "," 2,670,000    "," 2,690,000    "," 2,710,000    "," 2,730,000    "," 2,750,000    "," 2,770,000    "," 1,300,000    "," 1,320,000    "," 1,340,000    "," 1,360,000    "," 1,380,000    "," 1,400,000    "," 1,420,000    "," 1,440,000    "," 1,460,000    "," 1,480,000    "," 1,500,000    "," 1,520,000    "," 1,540,000    "," 1,560,000    "," 1,580,000    "," 1,600,000    "," 1,620,000    "," 1,640,000    "," 1,660,000    "," 1,680,000    "," 1,700,000    "," 1,696,062    "," 1,716,062    "," 1,777,676    "," 1,777,676    "," 1,797,676    "," 1,817,676    "," 1,837,676    "," 1,857,676    "," 1,877,676    "," 1,897,676    "," 1,917,676    "," 1,937,676    "," 1,957,676    "," 1,977,676    "," 1,997,676    "," 2,017,676    "," 2,037,676    "," 2,057,676    "," 2,077,676    "," 2,097,676    ", -      , -      , -      ,,,,,,,,,,,,,,,,,, -      ,,,,,,,,,,,,,,,,
long,2020-ig Fundamenta," 910,000    "," 950,000    "," 990,000    "," 1,030,000    "," 1,070,000    "," 1,110,000    "," 1,150,000    "," 1,190,000    "," 1,230,000    "," 1,116,000    "," 1,136,000    "," 1,156,000    "," 1,176,000    "," 1,196,000    "," 1,216,000    "," 1,236,000    "," 1,256,000    "," 1,276,000    "," 1,296,000    "," 1,316,000    "," 1,336,000    "," 1,356,000    "," 1,376,000    "," 1,396,000    "," 1,416,000    "," 1,436,000    "," 1,456,000    "," 1,476,000    "," 1,496,000    "," 1,516,000    "," 2,627,000    "," 2,647,000    "," 2,667,000    "," 2,667,000    "," 2,747,000    "," 2,787,000    "," 2,827,000    "," 2,867,000    "," 2,907,000    "," 2,947,000    "," 2,987,000    "," 3,027,000    "," 3,067,000    "," 3,107,000    "," 3,147,000    "," 3,187,000    "," 3,227,000    "," 3,267,000    "," 3,307,000    "," 3,347,000    "," 3,387,000    "," 1,946,622    "," 2,006,622    "," 1,601,331    "," 2,601,331    "," 2,641,331    "," 2,681,331    "," 2,721,331    "," 2,761,331    "," 2,801,331    "," 2,841,331    "," 2,881,331    "," 2,921,331    "," 2,961,331    "," 3,001,331    "," 3,041,331    "," 3,081,331    "," 3,121,331    "," 3,161,331    "," 3,201,331    "," 3,241,331    ", -      , -      , -      ,,,,,,,,,,,,,,,,,, -      ,,,,,,,,,,,,,,,,
property,FivÇr u," 13,000,000    "," 11,440,000    ", -      , -      , -      , -      ,,,,,,,,,,,,,,,,,,,,,,,,,,,,,,,,,,,,,,,,,,,,,,,,,,,, -      ,,,,,,,,,,,,,,,,,,,,,,,,,,,,,,,,,, -      ,,,,,,,,,,,,,,,,
property,"Chevrolet Spark 2018, 2008",,,,,,,,,,,,,,,,,,,,,,,,,,,,,,,,,,,,,,,,,,," 600,000    "," 595,000    "," 590,000    "," 585,000    "," 580,000    "," 575,000    "," 570,000    "," 565,000    "," 560,000    "," 555,000    "," 550,000    "," 545,000    "," 540,000    "," 535,000    "," 530,000    "," 525,000    "," 520,000    "," 515,000    ", -      , -      ,,,,,,,,,,,,,,,,,,,,,,,,,,,,,, -      ,,,,,,,,,,,,,,,,
property,Szfelfalu," 6,000,000    "," 5,800,000    "," 5,700,000    "," 6,000,000    "," 6,300,000    "," 6,300,000    "," 6,116,788    "," 6,116,788    "," 6,116,788    "," 6,116,788    "," 6,116,788    "," 6,116,788    "," 6,116,788    "," 6,116,788    "," 6,116,788    "," 6,116,788    "," 6,116,788    "," 6,116,788    "," 6,116,788    "," 6,116,788    "," 5,915,957    "," 5,915,957    "," 5,915,957    "," 5,915,957    "," 5,915,957    "," 5,729,957    "," 5,559,457    "," 5,559,457    "," 5,559,457    "," 5,559,457    "," 5,559,457    "," 5,559,457    "," 5,559,457    "," 5,559,457    "," 5,559,457    "," 5,242,500    "," 5,242,500    "," 5,092,500    "," 4,932,500    "," 4,932,500    "," 4,932,500    "," 4,449,500    "," 4,289,000    "," 4,130,000    "," 3,971,500    "," 3,971,500    "," 3,811,385    "," 3,811,385    "," 3,649,885    "," 3,649,885    "," 3,484,885    "," 3,484,885    "," 3,484,885    "," 3,319,885    "," 3,319,885    "," 3,319,885    "," 3,319,885    "," 3,159,885    "," 3,159,885    "," 3,159,885    "," 3,159,885    "," 3,159,885    "," 3,159,885    "," 3,159,885    "," 2,981,885    "," 2,803,885    "," 2,625,885    "," 2,625,885    "," 3,175,885    "," 2,625,885    ", -      , -      , -      , -      ,,,,,,,,,,,,,,,,,, -      ,,,,,,,,,,,,,,,,
property,n?vÇr u," 54,000,000    "," 54,000,000    "," 54,000,000    "," 54,000,000    "," 54,000,000    "," 54,000,000    "," 54,000,000    "," 54,000,000    "," 54,000,000    "," 54,000,000    "," 54,400,000    "," 58,094,000    "," 62,060,000    "," 64,760,000    "," 67,060,000    "," 71,560,000    "," 72,560,000    "," 72,560,000    "," 72,560,000    "," 72,560,000    "," 72,560,000    "," 72,560,000    "," 72,560,000    "," 72,560,000    "," 72,560,000    "," 72,560,000    "," 72,560,000    "," 72,560,000    "," 72,560,000    "," 72,560,000    "," 72,560,000    "," 72,560,000    "," 72,560,000    "," 72,560,000    "," 72,560,000    "," 72,560,000    "," 72,560,000    "," 72,560,000    "," 72,560,000    "," 72,560,000    "," 72,560,000    "," 72,560,000    "," 102,560,000    "," 102,560,000    "," 102,560,000    "," 102,560,000    "," 102,560,000    "," 102,560,000    "," 102,560,000    "," 102,560,000    "," 102,560,000    "," 102,560,000    "," 102,560,000    "," 102,560,000    "," 102,560,000    "," 102,560,000    "," 102,560,000    "," 102,560,000    "," 102,560,000    "," 102,560,000    "," 102,560,000    "," 102,560,000    "," 102,560,000    "," 102,560,000    "," 102,560,000    "," 102,560,000    "," 102,560,000    "," 102,560,000    "," 102,560,000    "," 102,560,000    "," 102,560,000    "," 102,560,000    "," 102,560,000    "," 102,560,000    "," 102,560,000    "," 102,560,000    "," 102,560,000    "," 102,560,000    "," 144,500,000    "," 144,500,000    "," 144,500,000    "," 144,500,000    "," 144,500,000    "," 144,500,000    "," 144,500,000    "," 144,500,000    "," 144,500,000    "," 144,500,000    "," 144,500,000    "," 144,500,000    "," 144,500,000    "," 144,500,000    "," 144,500,000    "," 144,500,000    "," 144,500,000    "," 144,500,000    "," 144,500,000    "," 144,500,000    "," 144,500,000    "," 144,500,000    "," 144,500,000    "," 195,500,000    "," 195,500,000    "," 195,500,000    "," 195,500,000    "," 195,500,000    "," 195,500,000    "," 195,500,000    "
pension,Aegon ônk nyugd°jp. Robi," 4,120,000    "," 4,150,000    "," 4,180,000    "," 4,210,000    "," 4,240,000    "," 4,270,000    "," 4,300,000    "," 4,330,000    "," 4,360,000    "," 4,390,000    "," 4,420,000    "," 4,450,000    "," 4,480,000    "," 4,510,000    "," 4,540,000    "," 4,570,000    "," 4,600,000    "," 4,630,000    "," 4,660,000    "," 4,690,000    "," 4,720,000    "," 4,750,000    "," 4,780,000    "," 4,810,000    "," 4,840,000    "," 4,870,000    "," 5,443,146    "," 5,473,146    "," 5,503,146    "," 5,533,146    "," 5,563,146    "," 5,593,146    "," 5,801,864    "," 5,816,864    "," 5,831,864    "," 5,846,864    "," 5,861,864    "," 5,876,864    "," 5,891,864    "," 5,906,864    "," 5,921,864    "," 5,936,864    "," 6,040,000    "," 6,055,000    "," 5,935,348    "," 5,950,348    "," 5,965,348    "," 5,980,348    "," 5,995,348    "," 6,010,348    "," 6,025,348    "," 6,040,348    "," 6,055,348    "," 6,070,348    "," 7,065,433    "," 7,095,433    "," 7,123,548    "," 7,123,548    "," 7,123,548    "," 6,686,000    "," 6,686,000    "," 6,686,000    "," 6,686,000    "," 6,686,000    "," 6,686,000    "," 7,123,554    "," 8,343,000    "," 8,343,000    "," 8,343,000    "," 8,343,000    "," 8,359,000    "," 8,581,000    "," 8,581,000    "," 8,581,000    "," 8,581,000    "," 8,581,000    "," 9,331,000    "," 9,331,000    "," 9,331,000    "," 9,633,753    "," 9,633,753    "," 9,633,754    "," 9,633,755    "," 9,633,756    "," 8,300,000    "," 8,300,000    "," 8,300,000    "," 8,300,000    "," 8,300,000    "," 9,355,000    "," 9,355,000    "," 9,355,000    "," 9,355,000    "," 9,355,000    "," 9,355,000    "," 9,355,000    "," 9,355,000    "," 9,355,000    "," 9,355,000    "," 9,355,000    "," 9,355,000    "," 11,898,000    "," 11,898,000    "," 11,898,000    "," 11,898,000    "," 11,898,000    "," 11,898,000    "," 11,898,000    "
pension,Mag†nnyugdjj robi," 5,000,000    "," 5,000,000    "," 5,000,000    "," 5,000,000    "," 5,000,000    "," 5,000,000    "," 5,000,000    "," 5,000,000    "," 5,000,000    "," 5,000,000    "," 5,000,000    "," 5,000,000    "," 5,000,000    "," 5,000,000    "," 5,000,000    "," 5,000,000    "," 5,000,000    "," 5,000,001    "," 5,000,002    "," 5,000,002    "," 7,436,000    "," 7,436,001    "," 7,436,002    "," 7,436,003    "," 7,713,476    "," 7,713,477    "," 7,738,213    "," 7,768,213    "," 7,798,213    "," 7,828,213    "," 7,858,213    "," 7,888,213    "," 8,082,568    "," 8,082,568    "," 8,082,568    "," 8,082,568    "," 8,082,568    "," 8,082,568    "," 8,082,568    "," 8,082,568    "," 8,082,568    "," 8,082,568    "," 8,082,568    "," 8,082,568    "," 7,966,931    "," 7,966,931    "," 7,966,931    "," 7,966,931    "," 7,966,931    "," 7,966,931    "," 7,966,931    "," 7,966,931    "," 7,966,931    "," 7,966,931    "," 8,771,680    "," 8,771,680    "," 8,763,918    "," 8,763,918    "," 8,763,918    "," 8,477,000    "," 8,477,000    "," 8,477,000    "," 8,477,000    "," 8,477,000    "," 8,477,000    "," 8,891,329    "," 9,057,000    "," 9,057,000    "," 9,057,000    "," 9,057,000    "," 9,120,000    "," 9,166,000    "," 9,166,000    "," 9,166,000    "," 9,166,000    "," 9,166,000    "," 9,166,000    "," 9,166,000    "," 9,166,000    "," 9,166,000    "," 9,166,000    "," 9,166,000    "," 9,166,000    "," 9,166,000    "," 7,970,000    "," 7,970,000    "," 7,970,000    "," 7,970,000    "," 7,970,000    "," 8,277,000    "," 8,277,000    "," 8,277,000    "," 8,277,000    "," 8,277,000    "," 8,277,000    "," 8,277,000    "," 8,277,000    "," 8,277,000    "," 8,277,000    "," 8,277,000    "," 8,277,000    "," 9,600,000    "," 9,600,000    "," 9,600,000    "," 9,600,000    "," 9,600,000    "," 9,600,000    "," 9,600,000    "
pension,Gyîrgyi ônk Nyugd°jp," 5,000,000    "," 5,000,000    "," 5,000,000    "," 5,000,000    "," 5,000,000    "," 5,000,000    "," 5,000,000    "," 5,000,000    "," 5,000,000    "," 5,000,000    "," 5,000,000    "," 5,000,000    "," 5,000,000    "," 5,000,000    "," 3,554,039    "," 3,554,039    "," 3,554,039    "," 3,554,039    "," 3,554,039    "," 3,554,039    "," 3,554,039    "," 3,554,039    "," 3,554,039    "," 3,554,039    "," 3,554,039    "," 3,554,039    "," 3,554,039    "," 3,554,039    "," 3,554,039    "," 3,554,039    "," 3,554,039    "," 3,554,039    "," 3,554,039    "," 3,569,039    "," 3,584,039    "," 3,599,039    "," 3,614,039    "," 3,629,039    "," 3,644,039    "," 3,659,039    "," 3,674,039    "," 3,689,039    "," 2,961,000    "," 2,946,000    "," 2,961,000    "," 2,976,000    "," 2,991,000    "," 3,006,000    "," 3,021,000    "," 3,036,000    "," 3,051,000    "," 3,066,000    "," 3,081,000    "," 3,096,000    "," 3,298,388    "," 3,298,388    "," 3,298,388    "," 3,298,388    "," 3,298,388    "," 3,106,000    "," 3,106,000    "," 3,106,000    "," 3,106,000    "," 3,106,000    "," 3,106,000    "," 3,240,273    "," 4,137,800    "," 4,137,800    "," 4,137,800    "," 4,137,800    "," 4,201,000    "," 4,227,000    "," 4,227,000    "," 4,227,000    "," 4,227,000    "," 4,227,000    "," 4,977,000    "," 4,977,000    "," 4,977,000    "," 4,977,000    "," 4,977,000    "," 4,977,000    "," 4,977,000    "," 4,977,000    "," 4,782,000    "," 4,782,000    "," 4,782,000    "," 4,782,000    "," 4,782,000    "," 5,742,000    "," 5,742,000    "," 5,742,000    "," 5,742,000    "," 5,742,000    "," 5,742,000    "," 5,742,000    "," 5,742,000    "," 5,742,000    "," 5,742,000    "," 5,742,000    "," 5,742,000    "," 7,450,000    "," 7,450,000    "," 7,450,000    "," 7,450,000    "," 7,450,000    "," 7,450,000    "," 7,450,000    "
pension,Gyîrgyi mag†nnyugd°j," 3,000,000    "," 3,000,000    "," 3,000,000    "," 3,000,000    "," 3,000,000    "," 3,000,000    "," 3,000,000    "," 3,000,000    "," 3,000,000    "," 3,000,000    "," 3,000,000    "," 3,000,000    "," 3,000,000    "," 3,000,000    "," 3,000,000    "," 3,000,000    "," 3,000,000    "," 3,000,001    "," 3,000,002    "," 3,000,002    "," 4,471,000    "," 4,471,001    "," 4,471,002    "," 4,471,003    "," 4,471,004    "," 4,471,005    "," 4,750,772    "," 4,750,772    "," 4,750,772    "," 4,750,772    "," 4,750,772    "," 4,750,772    "," 4,987,116    "," 4,987,116    "," 4,987,116    "," 4,987,116    "," 4,987,116    "," 4,987,116    "," 4,987,116    "," 4,987,116    "," 4,987,116    "," 4,987,116    "," 4,987,116    "," 4,987,116    "," 4,899,425    "," 4,899,425    "," 4,899,425    "," 4,899,425    "," 4,899,425    "," 4,899,425    "," 4,899,425    "," 4,899,425    "," 4,899,425    "," 4,899,425    "," 5,505,738    "," 5,505,738    "," 5,515,471    "," 5,515,471    "," 5,515,472    "," 5,139,000    "," 5,139,000    "," 5,139,000    "," 5,139,000    "," 5,139,000    "," 5,139,000    "," 5,588,830    "," 5,803,000    "," 5,803,000    "," 5,803,000    "," 5,803,000    "," 5,881,000    "," 5,987,000    "," 5,987,000    "," 5,987,000    "," 5,987,000    "," 5,987,000    "," 5,987,000    "," 5,987,000    "," 5,987,000    "," 5,987,000    "," 5,987,000    "," 5,987,000    "," 5,987,000    "," 5,987,000    "," 5,400,000    "," 5,400,000    "," 5,400,000    "," 5,400,000    "," 5,400,000    "," 5,690,000    "," 5,690,000    "," 5,690,000    "," 5,690,000    "," 5,690,000    "," 5,690,000    "," 5,690,000    "," 5,690,000    "," 5,690,000    "," 5,690,000    "," 5,690,000    "," 5,690,000    "," 6,500,000    "," 6,500,000    "," 6,500,000    "," 6,500,000    "," 6,500,000    "," 6,500,000    "," 6,500,000    "
cash,Tartoz†s felÇnk,,,,,,,,,,,,,,,,,,,,,,,,,,,,,,,,,,,,,,,,,,,,,,,,,,,,,,,,,,,,,,,,,,,,,,,,,,,,,,,,,,,,,,,,,," 4,000,000    "," 4,000,000    "," 4,000,000    ", -      , -      , -      , -      , -      , -      , -      , -      , -      ," 10,000,000    "," 10,000,000    "," 10,000,000    "," 10,000,000    "," 10,000,000    "," 10,000,000    "," 10,000,000    "
loan,Hitel†llom†ny,"-9,000,000    ","-9,000,000    ","-9,000,000    ","-9,000,000    ","-9,000,000    ","-9,000,000    ","-9,000,000    ","-9,000,000    ","-9,000,000    ","-9,000,000    ","-9,000,000    ","-9,000,000    ","-9,000,000    ","-6,000,000    ","-6,000,000    ","-6,000,000    ","-6,000,000    ","-6,000,000    ","-6,000,000    ","-6,000,000    ","-6,000,000    ","-6,000,000    ","-6,000,000    ","-6,000,000    ","-6,000,000    ","-6,000,000    ","-6,000,000    ","-6,000,000    ","-6,000,000    ","-6,000,000    ","-6,000,000    ","-3,500,000    ","-3,500,000    ","-3,500,000    ","-3,500,000    ","-3,500,000    ","-3,500,000    ","-3,500,000    ","-3,500,000    ","-3,500,000    ","-3,500,000    ","-3,500,000    ","-2,300,000    ","-2,300,000    ","-2,300,000    ","-2,283,500    ","-2,267,000    ","-2,250,500    ","-2,234,000    ","-2,217,500    ","-2,201,000    ","-2,184,500    ","-2,168,000    ","-2,151,500    ","-3,756,738    ","-3,726,738    ","-3,696,738    ","-3,666,738    ","-3,636,738    ","-3,606,738    ","-3,576,738    ","-3,546,738    ","-3,516,738    ","-3,486,738    ","-3,456,738    ","-3,020,832    ","-3,020,832    ","-3,020,832    ","-3,020,832    ","-3,020,832    ","-1,722,000    ","-1,621,000    ","-1,601,000    ","-1,601,000    ","-1,601,000    ","-1,601,000    ","-1,601,000    ","-1,601,000    ","-1,601,000    ","-1,601,000    ","-1,601,000    ","-1,601,000    ","-1,601,000    ","-1,601,000    ","-1,601,000    ","-1,601,000    ","-1,200,000    ","-1,200,000    ","-1,200,000    ","-1,200,000    ","-1,000,000    ","-1,000,000    ","-1,000,000    ","-1,000,000    ","-1,000,000    ","-1,000,000    ","-1,000,000    ","-1,000,000    ","-1,000,000    ","-1,000,000    ","-1,000,000    ","-640,000    ","-640,000    ","-640,000    ","-640,000    ","-640,000    ","-640,000    ","-640,000    "
,Total," 105,453,562    "," 106,515,226    "," 107,194,366    "," 108,762,975    "," 108,651,665    "," 109,223,243    "," 109,742,908    "," 109,885,883    "," 110,091,447    "," 109,590,605    "," 110,206,111    "," 110,292,512    "," 111,212,304    "," 113,822,688    "," 113,080,454    "," 113,511,568    "," 116,255,735    "," 116,854,888    "," 116,670,847    "," 116,725,917    "," 120,465,786    "," 121,230,153    "," 121,693,579    "," 122,934,233    "," 123,150,262    "," 123,101,744    "," 124,193,618    "," 124,028,377    "," 124,097,431    "," 124,677,301    "," 124,357,480    "," 127,011,072    "," 127,524,309    "," 127,860,544    "," 128,309,690    "," 127,796,092    "," 129,062,652    "," 128,575,694    "," 128,595,692    "," 128,973,897    "," 128,627,233    "," 129,148,391    "," 159,724,487    "," 160,415,764    "," 161,511,004    "," 161,095,304    "," 161,735,034    "," 162,212,892    "," 162,349,400    "," 162,729,278    "," 163,295,802    "," 162,848,166    "," 163,030,268    "," 164,295,979    "," 166,049,831    "," 165,856,813    "," 164,287,222    "," 164,232,222    "," 165,830,820    "," 165,308,163    "," 166,294,051    "," 167,004,064    "," 167,524,684    "," 168,417,934    "," 169,342,833    "," 173,528,211    "," 176,013,364    "," 177,721,016    "," 179,151,768    "," 181,962,269    "," 185,755,499    "," 190,840,955    "," 193,941,628    "," 193,915,728    "," 198,463,427    "," 199,353,769    "," 200,071,334    "," 204,862,746    "," 246,882,746    "," 248,861,347    "," 248,554,087    "," 248,634,091    "," 248,714,095    "," 250,252,128    "," 245,828,721    "," 252,872,400    "," 255,963,520    "," 258,372,225    "," 254,732,744    "," 260,204,787    "," 259,450,563    "," 259,450,563    "," 255,630,976    "," 255,630,976    "," 255,630,976    "," 255,630,976    "," 255,630,976    "," 255,630,976    "," 255,630,976    "," 255,630,976    "," 255,630,976    "," 333,124,756    "," 333,124,756    "," 333,124,756    "," 333,124,756    "," 331,681,976    "," 331,681,976    "," 331,681,976    "
